pod_id,item,qty,due_date,max_qty
pod_id,item,qty,due_date,max_qty
pod_id,item,qty,due_date,max_qty
pod_id,item,qty,due_date,max_qty
pod_id,item,qty,due_date,max_qty
pod_id,item,qty,due_date,max_qty
pod_id,item,qty,due_date,max_qty
pod_id,item,qty,due_date,max_qty
pod_id,item,qty,due_date,max_qty
pod_id,item,qty,due_date,max_qty
pod_id,item,qty,due_date,max_qty
pod_id,item,qty,due_date,max_qty
pod_id,item,qty,due_date,max_qty
pod_id,item,qty,due_date,max_qty
pod_id,item,qty,due_date,max_qty
pod_id,item,qty,due_date,max_qty
pod_id,item,qty,due_date,max_qty
pod_id,item,qty,due_date,max_qty
pod_id,item,qty,due_date,max_qty
pod_id,item,qty,due_date,max_qty
pod_id,item,qty,due_date,max_qty
pod_id,item,qty,due_date,max_qty
pod_id,item,qty,due_date,max_qty
pod_id,item,qty,due_date,max_qty
pod_id,item,qty,due_date,max_qty
pod_id,item,qty,due_date,max_qty
pod_id,item,qty,due_date,max_qty
pod_id,item,qty,due_date,max_qty
pod_id,item,qty,due_date,max_qty
pod_id,item,qty,due_date,max_qty
pod_id,item,qty,due_date,max_qty
pod_id,item,qty,due_date,max_qty
pod_id,item,qty,due_date,max_qty
pod_id,item,qty,due_date,max_qty
pod_id,item,qty,due_date,max_qty
pod_id,item,qty,due_date,max_qty
pod_id,item,qty,due_date,max_qty
pod_id,item,qty,due_date,max_qty
pod_id,item,qty,due_date,max_qty
pod_id,item,qty,due_date,max_qty
pod_id,item,qty,due_date,max_qty
pod_id,item,qty,due_date,max_qty
pod_id,item,qty,due_date,max_qty
pod_id,item,qty,due_date,max_qty
pod_id,item,qty,due_date,max_qty
pod_id,item,qty,due_date,max_qty
pod_id,item,qty,due_date,max_qty
pod_id,item,qty,due_date,max_qty
pod_id,item,qty,due_date,max_qty
pod_id,item,qty,due_date,max_qty
pod_id,item,qty,due_date,max_qty
pod_id,item,qty,due_date,max_qty
pod_id,item,qty,due_date,max_qty
pod_id,item,qty,due_date,max_qty
pod_id,item,qty,due_date,max_qty
pod_id,item,qty,due_date,max_qty
pod_id,item,qty,due_date,max_qty
pod_id,item,qty,due_date,max_qty
pod_id,item,qty,due_date,max_qty
pod_id,item,qty,due_date,max_qty
pod_id,item,qty,due_date,max_qty
pod_id,item,qty,due_date,max_qty
pod_id,item,qty,due_date,max_qty
pod_id,item,qty,due_date,max_qty
pod_id,item,qty,due_date,max_qty
pod_id,item,qty,due_date,max_qty
pod_id,item,qty,due_date,max_qty
pod_id,item,qty,due_date,max_qty
pod_id,item,qty,due_date,max_qty
pod_id,item,qty,due_date,max_qty
pod_id,item,qty,due_date,max_qty
pod_id,item,qty,due_date,max_qty
pod_id,item,qty,due_date,max_qty
pod_id,item,qty,due_date,max_qty
pod_id,item,qty,due_date,max_qty
pod_id,item,qty,due_date,max_qty
pod_id,item,qty,due_date,max_qty
pod_id,item,qty,due_date,max_qty
pod_id,item,qty,due_date,max_qty
pod_id,item,qty,due_date,max_qty
pod_id,item,qty,due_date,max_qty
pod_id,item,qty,due_date,max_qty
pod_id,item,qty,due_date,max_qty
pod_id,item,qty,due_date,max_qty
pod_id,item,qty,due_date,max_qty
pod_id,item,qty,due_date,max_qty
pod_id,item,qty,due_date,max_qty
pod_id,item,qty,due_date,max_qty
pod_id,item,qty,due_date,max_qty
pod_id,item,qty,due_date,max_qty
pod_id,item,qty,due_date,max_qty
pod_id,item,qty,due_date,max_qty
pod_id,item,qty,due_date,max_qty
pod_id,item,qty,due_date,max_qty
pod_id,item,qty,due_date,max_qty
pod_id,item,qty,due_date,max_qty
pod_id,item,qty,due_date,max_qty
pod_id,item,qty,due_date,max_qty
pod_id,item,qty,due_date,max_qty
pod_id,item,qty,due_date,max_qty
pod_id,item,qty,due_date,max_qty
pod_id,item,qty,due_date,max_qty
pod_id,item,qty,due_date,max_qty
pod_id,item,qty,due_date,max_qty
pod_id,item,qty,due_date,max_qty
pod_id,item,qty,due_date,max_qty
pod_id,item,qty,due_date,max_qty
pod_id,item,qty,due_date,max_qty
pod_id,item,qty,due_date,max_qty
pod_id,item,qty,due_date,max_qty
pod_id,item,qty,due_date,max_qty
pod_id,item,qty,due_date,max_qty
pod_id,item,qty,due_date,max_qty
pod_id,item,qty,due_date,max_qty
pod_id,item,qty,due_date,max_qty
pod_id,item,qty,due_date,max_qty
pod_id,item,qty,due_date,max_qty
pod_id,item,qty,due_date,max_qty
pod_id,item,qty,due_date,max_qty
pod_id,item,qty,due_date,max_qty
pod_id,item,qty,due_date,max_qty
pod_id,item,qty,due_date,max_qty
pod_id,item,qty,due_date,max_qty
pod_id,item,qty,due_date,max_qty
pod_id,item,qty,due_date,max_qty
pod_id,item,qty,due_date,max_qty
pod_id,item,qty,due_date,max_qty
pod_id,item,qty,due_date,max_qty
pod_id,item,qty,due_date,max_qty
pod_id,item,qty,due_date,max_qty
pod_id,item,qty,due_date,max_qty
pod_id,item,qty,due_date,max_qty
pod_id,item,qty,due_date,max_qty
pod_id,item,qty,due_date,max_qty
pod_id,item,qty,due_date,max_qty
pod_id,item,qty,due_date,max_qty
pod_id,item,qty,due_date,max_qty
pod_id,item,qty,due_date,max_qty
pod_id,item,qty,due_date,max_qty
pod_id,item,qty,due_date,max_qty
pod_id,item,qty,due_date,max_qty
pod_id,item,qty,due_date,max_qty
pod_id,item,qty,due_date,max_qty
pod_id,item,qty,due_date,max_qty
pod_id,item,qty,due_date,max_qty
pod_id,item,qty,due_date,max_qty
pod_id,item,qty,due_date,max_qty
pod_id,item,qty,due_date,max_qty
pod_id,item,qty,due_date,max_qty
pod_id,item,qty,due_date,max_qty
pod_id,item,qty,due_date,max_qty
pod_id,item,qty,due_date,max_qty
pod_id,item,qty,due_date,max_qty
pod_id,item,qty,due_date,max_qty
pod_id,item,qty,due_date,max_qty
pod_id,item,qty,due_date,max_qty
pod_id,item,qty,due_date,max_qty
pod_id,item,qty,due_date,max_qty
pod_id,item,qty,due_date,max_qty
pod_id,item,qty,due_date,max_qty
pod_id,item,qty,due_date,max_qty
pod_id,item,qty,due_date,max_qty
pod_id,item,qty,due_date,max_qty
pod_id,item,qty,due_date,max_qty
pod_id,item,qty,due_date,max_qty
pod_id,item,qty,due_date,max_qty
pod_id,item,qty,due_date,max_qty
pod_id,item,qty,due_date,max_qty
pod_id,item,qty,due_date,max_qty
pod_id,item,qty,due_date,max_qty
pod_id,item,qty,due_date,max_qty
pod_id,item,qty,due_date,max_qty
pod_id,item,qty,due_date,max_qty
pod_id,item,qty,due_date,max_qty
pod_id,item,qty,due_date,max_qty
pod_id,item,qty,due_date,max_qty
pod_id,item,qty,due_date,max_qty
pod_id,item,qty,due_date,max_qty
pod_id,item,qty,due_date,max_qty
pod_id,item,qty,due_date,max_qty
pod_id,item,qty,due_date,max_qty
pod_id,item,qty,due_date,max_qty
pod_id,item,qty,due_date,max_qty
pod_id,item,qty,due_date,max_qty
pod_id,item,qty,due_date,max_qty
pod_id,item,qty,due_date,max_qty
pod_id,item,qty,due_date,max_qty
pod_id,item,qty,due_date,max_qty
pod_id,item,qty,due_date,max_qty
pod_id,item,qty,due_date,max_qty
pod_id,item,qty,due_date,max_qty
pod_id,item,qty,due_date,max_qty
pod_id,item,qty,due_date,max_qty
pod_id,item,qty,due_date,max_qty
pod_id,item,qty,due_date,max_qty
pod_id,item,qty,due_date,max_qty
pod_id,item,qty,due_date,max_qty
pod_id,item,qty,due_date,max_qty
pod_id,item,qty,due_date,max_qty
pod_id,item,qty,due_date,max_qty
pod_id,item,qty,due_date,max_qty
pod_id,item,qty,due_date,max_qty
pod_id,item,qty,due_date,max_qty
pod_id,item,qty,due_date,max_qty
pod_id,item,qty,due_date,max_qty
pod_id,item,qty,due_date,max_qty
pod_id,item,qty,due_date,max_qty
pod_id,item,qty,due_date,max_qty
pod_id,item,qty,due_date,max_qty
pod_id,item,qty,due_date,max_qty
pod_id,item,qty,due_date,max_qty
pod_id,item,qty,due_date,max_qty
pod_id,item,qty,due_date,max_qty
pod_id,item,qty,due_date,max_qty
pod_id,item,qty,due_date,max_qty
pod_id,item,qty,due_date,max_qty
pod_id,item,qty,due_date,max_qty
pod_id,item,qty,due_date,max_qty
pod_id,item,qty,due_date,max_qty
pod_id,item,qty,due_date,max_qty
pod_id,item,qty,due_date,max_qty
pod_id,item,qty,due_date,max_qty
pod_id,item,qty,due_date,max_qty
pod_id,item,qty,due_date,max_qty
pod_id,item,qty,due_date,max_qty
pod_id,item,qty,due_date,max_qty
pod_id,item,qty,due_date,max_qty
pod_id,item,qty,due_date,max_qty
pod_id,item,qty,due_date,max_qty
pod_id,item,qty,due_date,max_qty
pod_id,item,qty,due_date,max_qty
pod_id,item,qty,due_date,max_qty
pod_id,item,qty,due_date,max_qty
pod_id,item,qty,due_date,max_qty
pod_id,item,qty,due_date,max_qty
pod_id,item,qty,due_date,max_qty
pod_id,item,qty,due_date,max_qty
pod_id,item,qty,due_date,max_qty
pod_id,item,qty,due_date,max_qty
pod_id,item,qty,due_date,max_qty
pod_id,item,qty,due_date,max_qty
pod_id,item,qty,due_date,max_qty
pod_id,item,qty,due_date,max_qty
pod_id,item,qty,due_date,max_qty
pod_id,item,qty,due_date,max_qty
pod_id,item,qty,due_date,max_qty
pod_id,item,qty,due_date,max_qty
pod_id,item,qty,due_date,max_qty
pod_id,item,qty,due_date,max_qty
pod_id,item,qty,due_date,max_qty
pod_id,item,qty,due_date,max_qty
pod_id,item,qty,due_date,max_qty
pod_id,item,qty,due_date,max_qty
pod_id,item,qty,due_date,max_qty
pod_id,item,qty,due_date,max_qty
pod_id,item,qty,due_date,max_qty
pod_id,item,qty,due_date,max_qty
pod_id,item,qty,due_date,max_qty
pod_id,item,qty,due_date,max_qty
pod_id,item,qty,due_date,max_qty
pod_id,item,qty,due_date,max_qty
pod_id,item,qty,due_date,max_qty
pod_id,item,qty,due_date,max_qty
pod_id,item,qty,due_date,max_qty
pod_id,item,qty,due_date,max_qty
pod_id,item,qty,due_date,max_qty
pod_id,item,qty,due_date,max_qty
pod_id,item,qty,due_date,max_qty
pod_id,item,qty,due_date,max_qty
pod_id,item,qty,due_date,max_qty
pod_id,item,qty,due_date,max_qty
pod_id,item,qty,due_date,max_qty
pod_id,item,qty,due_date,max_qty
pod_id,item,qty,due_date,max_qty
pod_id,item,qty,due_date,max_qty
pod_id,item,qty,due_date,max_qty
pod_id,item,qty,due_date,max_qty
pod_id,item,qty,due_date,max_qty
pod_id,item,qty,due_date,max_qty
pod_id,item,qty,due_date,max_qty
pod_id,item,qty,due_date,max_qty
pod_id,item,qty,due_date,max_qty
pod_id,item,qty,due_date,max_qty
pod_id,item,qty,due_date,max_qty
pod_id,item,qty,due_date,max_qty
pod_id,item,qty,due_date,max_qty
pod_id,item,qty,due_date,max_qty
pod_id,item,qty,due_date,max_qty
pod_id,item,qty,due_date,max_qty
pod_id,item,qty,due_date,max_qty
pod_id,item,qty,due_date,max_qty
pod_id,item,qty,due_date,max_qty
pod_id,item,qty,due_date,max_qty
pod_id,item,qty,due_date,max_qty
pod_id,item,qty,due_date,max_qty
pod_id,item,qty,due_date,max_qty
pod_id,item,qty,due_date,max_qty
pod_id,item,qty,due_date,max_qty
pod_id,item,qty,due_date,max_qty
pod_id,item,qty,due_date,max_qty
pod_id,item,qty,due_date,max_qty
pod_id,item,qty,due_date,max_qty
pod_id,item,qty,due_date,max_qty
pod_id,item,qty,due_date,max_qty
pod_id,item,qty,due_date,max_qty
pod_id,item,qty,due_date,max_qty
pod_id,item,qty,due_date,max_qty
pod_id,item,qty,due_date,max_qty
pod_id,item,qty,due_date,max_qty
pod_id,item,qty,due_date,max_qty
pod_id,item,qty,due_date,max_qty
pod_id,item,qty,due_date,max_qty
pod_id,item,qty,due_date,max_qty
pod_id,item,qty,due_date,max_qty
pod_id,item,qty,due_date,max_qty
pod_id,item,qty,due_date,max_qty
pod_id,item,qty,due_date,max_qty
pod_id,item,qty,due_date,max_qty
pod_id,item,qty,due_date,max_qty
pod_id,item,qty,due_date,max_qty
pod_id,item,qty,due_date,max_qty
pod_id,item,qty,due_date,max_qty
pod_id,item,qty,due_date,max_qty
pod_id,item,qty,due_date,max_qty
pod_id,item,qty,due_date,max_qty
pod_id,item,qty,due_date,max_qty
pod_id,item,qty,due_date,max_qty
pod_id,item,qty,due_date,max_qty
pod_id,item,qty,due_date,max_qty
pod_id,item,qty,due_date,max_qty
pod_id,item,qty,due_date,max_qty
pod_id,item,qty,due_date,max_qty
pod_id,item,qty,due_date,max_qty
pod_id,item,qty,due_date,max_qty
pod_id,item,qty,due_date,max_qty
pod_id,item,qty,due_date,max_qty
pod_id,item,qty,due_date,max_qty
pod_id,item,qty,due_date,max_qty
pod_id,item,qty,due_date,max_qty
pod_id,item,qty,due_date,max_qty
pod_id,item,qty,due_date,max_qty
pod_id,item,qty,due_date,max_qty
pod_id,item,qty,due_date,max_qty
pod_id,item,qty,due_date,max_qty
pod_id,item,qty,due_date,max_qty
pod_id,item,qty,due_date,max_qty
pod_id,item,qty,due_date,max_qty
pod_id,item,qty,due_date,max_qty
pod_id,item,qty,due_date,max_qty
pod_id,item,qty,due_date,max_qty
pod_id,item,qty,due_date,max_qty
pod_id,item,qty,due_date,max_qty
pod_id,item,qty,due_date,max_qty
pod_id,item,qty,due_date,max_qty
pod_id,item,qty,due_date,max_qty
pod_id,item,qty,due_date,max_qty
pod_id,item,qty,due_date,max_qty
pod_id,item,qty,due_date,max_qty
pod_id,item,qty,due_date,max_qty
pod_id,item,qty,due_date,max_qty
pod_id,item,qty,due_date,max_qty
pod_id,item,qty,due_date,max_qty
pod_id,item,qty,due_date,max_qty
pod_id,item,qty,due_date,max_qty
pod_id,item,qty,due_date,max_qty
pod_id,item,qty,due_date,max_qty
pod_id,item,qty,due_date,max_qty
pod_id,item,qty,due_date,max_qty
pod_id,item,qty,due_date,max_qty
pod_id,item,qty,due_date,max_qty
pod_id,item,qty,due_date,max_qty
pod_id,item,qty,due_date,max_qty
pod_id,item,qty,due_date,max_qty
pod_id,item,qty,due_date,max_qty
pod_id,item,qty,due_date,max_qty
pod_id,item,qty,due_date,max_qty
pod_id,item,qty,due_date,max_qty
pod_id,item,qty,due_date,max_qty
pod_id,item,qty,due_date,max_qty
pod_id,item,qty,due_date,max_qty
pod_id,item,qty,due_date,max_qty
pod_id,item,qty,due_date,max_qty
pod_id,item,qty,due_date,max_qty
pod_id,item,qty,due_date,max_qty
pod_id,item,qty,due_date,max_qty
pod_id,item,qty,due_date,max_qty
pod_id,item,qty,due_date,max_qty
pod_id,item,qty,due_date,max_qty
pod_id,item,qty,due_date,max_qty
pod_id,item,qty,due_date,max_qty
pod_id,item,qty,due_date,max_qty
pod_id,item,qty,due_date,max_qty
pod_id,item,qty,due_date,max_qty
pod_id,item,qty,due_date,max_qty
pod_id,item,qty,due_date,max_qty
pod_id,item,qty,due_date,max_qty
pod_id,item,qty,due_date,max_qty
pod_id,item,qty,due_date,max_qty
pod_id,item,qty,due_date,max_qty
pod_id,item,qty,due_date,max_qty
pod_id,item,qty,due_date,max_qty
pod_id,item,qty,due_date,max_qty
pod_id,item,qty,due_date,max_qty
pod_id,item,qty,due_date,max_qty
pod_id,item,qty,due_date,max_qty
pod_id,item,qty,due_date,max_qty
pod_id,item,qty,due_date,max_qty
pod_id,item,qty,due_date,max_qty
pod_id,item,qty,due_date,max_qty
pod_id,item,qty,due_date,max_qty
pod_id,item,qty,due_date,max_qty
pod_id,item,qty,due_date,max_qty
pod_id,item,qty,due_date,max_qty
pod_id,item,qty,due_date,max_qty
pod_id,item,qty,due_date,max_qty
pod_id,item,qty,due_date,max_qty
pod_id,item,qty,due_date,max_qty
pod_id,item,qty,due_date,max_qty
pod_id,item,qty,due_date,max_qty
pod_id,item,qty,due_date,max_qty
pod_id,item,qty,due_date,max_qty
pod_id,item,qty,due_date,max_qty
pod_id,item,qty,due_date,max_qty
pod_id,item,qty,due_date,max_qty
pod_id,item,qty,due_date,max_qty
pod_id,item,qty,due_date,max_qty
pod_id,item,qty,due_date,max_qty
pod_id,item,qty,due_date,max_qty
pod_id,item,qty,due_date,max_qty
pod_id,item,qty,due_date,max_qty
pod_id,item,qty,due_date,max_qty
pod_id,item,qty,due_date,max_qty
pod_id,item,qty,due_date,max_qty
pod_id,item,qty,due_date,max_qty
pod_id,item,qty,due_date,max_qty
pod_id,item,qty,due_date,max_qty
pod_id,item,qty,due_date,max_qty
pod_id,item,qty,due_date,max_qty
pod_id,item,qty,due_date,max_qty
pod_id,item,qty,due_date,max_qty
pod_id,item,qty,due_date,max_qty
pod_id,item,qty,due_date,max_qty
pod_id,item,qty,due_date,max_qty
pod_id,item,qty,due_date,max_qty
pod_id,item,qty,due_date,max_qty
pod_id,item,qty,due_date,max_qty
pod_id,item,qty,due_date,max_qty
pod_id,item,qty,due_date,max_qty
pod_id,item,qty,due_date,max_qty
pod_id,item,qty,due_date,max_qty
pod_id,item,qty,due_date,max_qty
pod_id,item,qty,due_date,max_qty
pod_id,item,qty,due_date,max_qty
pod_id,item,qty,due_date,max_qty
pod_id,item,qty,due_date,max_qty
pod_id,item,qty,due_date,max_qty
pod_id,item,qty,due_date,max_qty
pod_id,item,qty,due_date,max_qty
pod_id,item,qty,due_date,max_qty
pod_id,item,qty,due_date,max_qty
pod_id,item,qty,due_date,max_qty
pod_id,item,qty,due_date,max_qty
pod_id,item,qty,due_date,max_qty
pod_id,item,qty,due_date,max_qty
pod_id,item,qty,due_date,max_qty
pod_id,item,qty,due_date,max_qty
pod_id,item,qty,due_date,max_qty
pod_id,item,qty,due_date,max_qty
pod_id,item,qty,due_date,max_qty
pod_id,item,qty,due_date,max_qty
pod_id,item,qty,due_date,max_qty
pod_id,item,qty,due_date,max_qty
pod_id,item,qty,due_date,max_qty
pod_id,item,qty,due_date,max_qty
pod_id,item,qty,due_date,max_qty
pod_id,item,qty,due_date,max_qty
pod_id,item,qty,due_date,max_qty
pod_id,item,qty,due_date,max_qty
pod_id,item,qty,due_date,max_qty
pod_id,item,qty,due_date,max_qty
pod_id,item,qty,due_date,max_qty
pod_id,item,qty,due_date,max_qty
pod_id,item,qty,due_date,max_qty
pod_id,item,qty,due_date,max_qty
pod_id,item,qty,due_date,max_qty
pod_id,item,qty,due_date,max_qty
pod_id,item,qty,due_date,max_qty
pod_id,item,qty,due_date,max_qty
pod_id,item,qty,due_date,max_qty
pod_id,item,qty,due_date,max_qty
pod_id,item,qty,due_date,max_qty
pod_id,item,qty,due_date,max_qty
pod_id,item,qty,due_date,max_qty
pod_id,item,qty,due_date,max_qty
pod_id,item,qty,due_date,max_qty
pod_id,item,qty,due_date,max_qty
pod_id,item,qty,due_date,max_qty
pod_id,item,qty,due_date,max_qty
pod_id,item,qty,due_date,max_qty
pod_id,item,qty,due_date,max_qty
pod_id,item,qty,due_date,max_qty
pod_id,item,qty,due_date,max_qty
pod_id,item,qty,due_date,max_qty
pod_id,item,qty,due_date,max_qty
pod_id,item,qty,due_date,max_qty
pod_id,item,qty,due_date,max_qty
pod_id,item,qty,due_date,max_qty
pod_id,item,qty,due_date,max_qty
pod_id,item,qty,due_date,max_qty
pod_id,item,qty,due_date,max_qty
pod_id,item,qty,due_date,max_qty
pod_id,item,qty,due_date,max_qty
pod_id,item,qty,due_date,max_qty
pod_id,item,qty,due_date,max_qty
pod_id,item,qty,due_date,max_qty
pod_id,item,qty,due_date,max_qty
pod_id,item,qty,due_date,max_qty
pod_id,item,qty,due_date,max_qty
pod_id,item,qty,due_date,max_qty
pod_id,item,qty,due_date,max_qty
pod_id,item,qty,due_date,max_qty
pod_id,item,qty,due_date,max_qty
pod_id,item,qty,due_date,max_qty
pod_id,item,qty,due_date,max_qty
pod_id,item,qty,due_date,max_qty
pod_id,item,qty,due_date,max_qty
pod_id,item,qty,due_date,max_qty
pod_id,item,qty,due_date,max_qty
pod_id,item,qty,due_date,max_qty
pod_id,item,qty,due_date,max_qty
pod_id,item,qty,due_date,max_qty
pod_id,item,qty,due_date,max_qty
pod_id,item,qty,due_date,max_qty
pod_id,item,qty,due_date,max_qty
pod_id,item,qty,due_date,max_qty
pod_id,item,qty,due_date,max_qty
pod_id,item,qty,due_date,max_qty
pod_id,item,qty,due_date,max_qty
pod_id,item,qty,due_date,max_qty
pod_id,item,qty,due_date,max_qty
pod_id,item,qty,due_date,max_qty
pod_id,item,qty,due_date,max_qty
pod_id,item,qty,due_date,max_qty
pod_id,item,qty,due_date,max_qty
pod_id,item,qty,due_date,max_qty
pod_id,item,qty,due_date,max_qty
pod_id,item,qty,due_date,max_qty
pod_id,item,qty,due_date,max_qty
pod_id,item,qty,due_date,max_qty
pod_id,item,qty,due_date,max_qty
pod_id,item,qty,due_date,max_qty
pod_id,item,qty,due_date,max_qty
pod_id,item,qty,due_date,max_qty
pod_id,item,qty,due_date,max_qty
pod_id,item,qty,due_date,max_qty
pod_id,item,qty,due_date,max_qty
pod_id,item,qty,due_date,max_qty
pod_id,item,qty,due_date,max_qty
pod_id,item,qty,due_date,max_qty
pod_id,item,qty,due_date,max_qty
pod_id,item,qty,due_date,max_qty
pod_id,item,qty,due_date,max_qty
pod_id,item,qty,due_date,max_qty
pod_id,item,qty,due_date,max_qty
pod_id,item,qty,due_date,max_qty
pod_id,item,qty,due_date,max_qty
pod_id,item,qty,due_date,max_qty
pod_id,item,qty,due_date,max_qty
pod_id,item,qty,due_date,max_qty
pod_id,item,qty,due_date,max_qty
pod_id,item,qty,due_date,max_qty
pod_id,item,qty,due_date,max_qty
pod_id,item,qty,due_date,max_qty
pod_id,item,qty,due_date,max_qty
pod_id,item,qty,due_date,max_qty
pod_id,item,qty,due_date,max_qty
pod_id,item,qty,due_date,max_qty
pod_id,item,qty,due_date,max_qty
pod_id,item,qty,due_date,max_qty
pod_id,item,qty,due_date,max_qty
pod_id,item,qty,due_date,max_qty
pod_id,item,qty,due_date,max_qty
pod_id,item,qty,due_date,max_qty
pod_id,item,qty,due_date,max_qty
pod_id,item,qty,due_date,max_qty
pod_id,item,qty,due_date,max_qty
pod_id,item,qty,due_date,max_qty
pod_id,item,qty,due_date,max_qty
pod_id,item,qty,due_date,max_qty
pod_id,item,qty,due_date,max_qty
pod_id,item,qty,due_date,max_qty
pod_id,item,qty,due_date,max_qty
pod_id,item,qty,due_date,max_qty
pod_id,item,qty,due_date,max_qty
pod_id,item,qty,due_date,max_qty
pod_id,item,qty,due_date,max_qty
pod_id,item,qty,due_date,max_qty
pod_id,item,qty,due_date,max_qty
pod_id,item,qty,due_date,max_qty
pod_id,item,qty,due_date,max_qty
pod_id,item,qty,due_date,max_qty
pod_id,item,qty,due_date,max_qty
pod_id,item,qty,due_date,max_qty
pod_id,item,qty,due_date,max_qty
pod_id,item,qty,due_date,max_qty
pod_id,item,qty,due_date,max_qty
pod_id,item,qty,due_date,max_qty
pod_id,item,qty,due_date,max_qty
pod_id,item,qty,due_date,max_qty
pod_id,item,qty,due_date,max_qty
pod_id,item,qty,due_date,max_qty
pod_id,item,qty,due_date,max_qty
pod_id,item,qty,due_date,max_qty
pod_id,item,qty,due_date,max_qty
pod_id,item,qty,due_date,max_qty
pod_id,item,qty,due_date,max_qty
pod_id,item,qty,due_date,max_qty
pod_id,item,qty,due_date,max_qty
pod_id,item,qty,due_date,max_qty
pod_id,item,qty,due_date,max_qty
pod_id,item,qty,due_date,max_qty
pod_id,item,qty,due_date,max_qty
pod_id,item,qty,due_date,max_qty
pod_id,item,qty,due_date,max_qty
pod_id,item,qty,due_date,max_qty
pod_id,item,qty,due_date,max_qty
pod_id,item,qty,due_date,max_qty
pod_id,item,qty,due_date,max_qty
pod_id,item,qty,due_date,max_qty
pod_id,item,qty,due_date,max_qty
pod_id,item,qty,due_date,max_qty
pod_id,item,qty,due_date,max_qty
pod_id,item,qty,due_date,max_qty
pod_id,item,qty,due_date,max_qty
pod_id,item,qty,due_date,max_qty
pod_id,item,qty,due_date,max_qty
pod_id,item,qty,due_date,max_qty
pod_id,item,qty,due_date,max_qty
pod_id,item,qty,due_date,max_qty
pod_id,item,qty,due_date,max_qty
pod_id,item,qty,due_date,max_qty
pod_id,item,qty,due_date,max_qty
pod_id,item,qty,due_date,max_qty
pod_id,item,qty,due_date,max_qty
pod_id,item,qty,due_date,max_qty
pod_id,item,qty,due_date,max_qty
pod_id,item,qty,due_date,max_qty
pod_id,item,qty,due_date,max_qty
pod_id,item,qty,due_date,max_qty
pod_id,item,qty,due_date,max_qty
pod_id,item,qty,due_date,max_qty
pod_id,item,qty,due_date,max_qty
pod_id,item,qty,due_date,max_qty
pod_id,item,qty,due_date,max_qty
pod_id,item,qty,due_date,max_qty
pod_id,item,qty,due_date,max_qty
pod_id,item,qty,due_date,max_qty
pod_id,item,qty,due_date,max_qty
pod_id,item,qty,due_date,max_qty
pod_id,item,qty,due_date,max_qty
pod_id,item,qty,due_date,max_qty
pod_id,item,qty,due_date,max_qty
pod_id,item,qty,due_date,max_qty
pod_id,item,qty,due_date,max_qty
pod_id,item,qty,due_date,max_qty
pod_id,item,qty,due_date,max_qty
pod_id,item,qty,due_date,max_qty
pod_id,item,qty,due_date,max_qty
pod_id,item,qty,due_date,max_qty
pod_id,item,qty,due_date,max_qty
pod_id,item,qty,due_date,max_qty
pod_id,item,qty,due_date,max_qty
pod_id,item,qty,due_date,max_qty
pod_id,item,qty,due_date,max_qty
pod_id,item,qty,due_date,max_qty
pod_id,item,qty,due_date,max_qty
pod_id,item,qty,due_date,max_qty
pod_id,item,qty,due_date,max_qty
pod_id,item,qty,due_date,max_qty
pod_id,item,qty,due_date,max_qty
pod_id,item,qty,due_date,max_qty
pod_id,item,qty,due_date,max_qty
pod_id,item,qty,due_date,max_qty
pod_id,item,qty,due_date,max_qty
pod_id,item,qty,due_date,max_qty
pod_id,item,qty,due_date,max_qty
pod_id,item,qty,due_date,max_qty
pod_id,item,qty,due_date,max_qty
pod_id,item,qty,due_date,max_qty
pod_id,item,qty,due_date,max_qty
pod_id,item,qty,due_date,max_qty
pod_id,item,qty,due_date,max_qty
pod_id,item,qty,due_date,max_qty
pod_id,item,qty,due_date,max_qty
pod_id,item,qty,due_date,max_qty
pod_id,item,qty,due_date,max_qty
pod_id,item,qty,due_date,max_qty
pod_id,item,qty,due_date,max_qty
pod_id,item,qty,due_date,max_qty
pod_id,item,qty,due_date,max_qty
pod_id,item,qty,due_date,max_qty
pod_id,item,qty,due_date,max_qty
pod_id,item,qty,due_date,max_qty
pod_id,item,qty,due_date,max_qty
pod_id,item,qty,due_date,max_qty
pod_id,item,qty,due_date,max_qty
pod_id,item,qty,due_date,max_qty
pod_id,item,qty,due_date,max_qty
pod_id,item,qty,due_date,max_qty
pod_id,item,qty,due_date,max_qty
pod_id,item,qty,due_date,max_qty
pod_id,item,qty,due_date,max_qty
pod_id,item,qty,due_date,max_qty
pod_id,item,qty,due_date,max_qty
pod_id,item,qty,due_date,max_qty
pod_id,item,qty,due_date,max_qty
pod_id,item,qty,due_date,max_qty
pod_id,item,qty,due_date,max_qty
pod_id,item,qty,due_date,max_qty
pod_id,item,qty,due_date,max_qty
pod_id,item,qty,due_date,max_qty
pod_id,item,qty,due_date,max_qty
pod_id,item,qty,due_date,max_qty
pod_id,item,qty,due_date,max_qty
pod_id,item,qty,due_date,max_qty
pod_id,item,qty,due_date,max_qty
pod_id,item,qty,due_date,max_qty
pod_id,item,qty,due_date,max_qty
pod_id,item,qty,due_date,max_qty
pod_id,item,qty,due_date,max_qty
pod_id,item,qty,due_date,max_qty
pod_id,item,qty,due_date,max_qty
pod_id,item,qty,due_date,max_qty
pod_id,item,qty,due_date,max_qty
pod_id,item,qty,due_date,max_qty
pod_id,item,qty,due_date,max_qty
pod_id,item,qty,due_date,max_qty
pod_id,item,qty,due_date,max_qty
pod_id,item,qty,due_date,max_qty
pod_id,item,qty,due_date,max_qty
pod_id,item,qty,due_date,max_qty
pod_id,item,qty,due_date,max_qty
pod_id,item,qty,due_date,max_qty
pod_id,item,qty,due_date,max_qty
pod_id,item,qty,due_date,max_qty
pod_id,item,qty,due_date,max_qty
pod_id,item,qty,due_date,max_qty
pod_id,item,qty,due_date,max_qty
pod_id,item,qty,due_date,max_qty
pod_id,item,qty,due_date,max_qty
pod_id,item,qty,due_date,max_qty
pod_id,item,qty,due_date,max_qty
pod_id,item,qty,due_date,max_qty
pod_id,item,qty,due_date,max_qty
pod_id,item,qty,due_date,max_qty
pod_id,item,qty,due_date,max_qty
pod_id,item,qty,due_date,max_qty
pod_id,item,qty,due_date,max_qty
pod_id,item,qty,due_date,max_qty
pod_id,item,qty,due_date,max_qty
pod_id,item,qty,due_date,max_qty
pod_id,item,qty,due_date,max_qty
pod_id,item,qty,due_date,max_qty
pod_id,item,qty,due_date,max_qty
pod_id,item,qty,due_date,max_qty
pod_id,item,qty,due_date,max_qty
pod_id,item,qty,due_date,max_qty
pod_id,item,qty,due_date,max_qty
pod_id,item,qty,due_date,max_qty
pod_id,item,qty,due_date,max_qty
pod_id,item,qty,due_date,max_qty
pod_id,item,qty,due_date,max_qty
pod_id,item,qty,due_date,max_qty
pod_id,item,qty,due_date,max_qty
pod_id,item,qty,due_date,max_qty
pod_id,item,qty,due_date,max_qty
pod_id,item,qty,due_date,max_qty
pod_id,item,qty,due_date,max_qty
pod_id,item,qty,due_date,max_qty
pod_id,item,qty,due_date,max_qty
pod_id,item,qty,due_date,max_qty
pod_id,item,qty,due_date,max_qty
pod_id,item,qty,due_date,max_qty
pod_id,item,qty,due_date,max_qty
pod_id,item,qty,due_date,max_qty
pod_id,item,qty,due_date,max_qty
pod_id,item,qty,due_date,max_qty
pod_id,item,qty,due_date,max_qty
pod_id,item,qty,due_date,max_qty
pod_id,item,qty,due_date,max_qty
pod_id,item,qty,due_date,max_qty
pod_id,item,qty,due_date,max_qty
pod_id,item,qty,due_date,max_qty
pod_id,item,qty,due_date,max_qty
pod_id,item,qty,due_date,max_qty
pod_id,item,qty,due_date,max_qty
pod_id,item,qty,due_date,max_qty
pod_id,item,qty,due_date,max_qty
pod_id,item,qty,due_date,max_qty
pod_id,item,qty,due_date,max_qty
pod_id,item,qty,due_date,max_qty
pod_id,item,qty,due_date,max_qty
pod_id,item,qty,due_date,max_qty
pod_id,item,qty,due_date,max_qty
pod_id,item,qty,due_date,max_qty
pod_id,item,qty,due_date,max_qty
pod_id,item,qty,due_date,max_qty
pod_id,item,qty,due_date,max_qty
pod_id,item,qty,due_date,max_qty
pod_id,item,qty,due_date,max_qty
pod_id,item,qty,due_date,max_qty
pod_id,item,qty,due_date,max_qty
pod_id,item,qty,due_date,max_qty
pod_id,item,qty,due_date,max_qty
pod_id,item,qty,due_date,max_qty
pod_id,item,qty,due_date,max_qty
pod_id,item,qty,due_date,max_qty
pod_id,item,qty,due_date,max_qty
pod_id,item,qty,due_date,max_qty
pod_id,item,qty,due_date,max_qty
pod_id,item,qty,due_date,max_qty
pod_id,item,qty,due_date,max_qty
pod_id,item,qty,due_date,max_qty
pod_id,item,qty,due_date,max_qty
pod_id,item,qty,due_date,max_qty
pod_id,item,qty,due_date,max_qty
pod_id,item,qty,due_date,max_qty
pod_id,item,qty,due_date,max_qty
pod_id,item,qty,due_date,max_qty
pod_id,item,qty,due_date,max_qty
pod_id,item,qty,due_date,max_qty
pod_id,item,qty,due_date,max_qty
pod_id,item,qty,due_date,max_qty
pod_id,item,qty,due_date,max_qty
pod_id,item,qty,due_date,max_qty
pod_id,item,qty,due_date,max_qty
pod_id,item,qty,due_date,max_qty
pod_id,item,qty,due_date,max_qty
pod_id,item,qty,due_date,max_qty
pod_id,item,qty,due_date,max_qty
pod_id,item,qty,due_date,max_qty
pod_id,item,qty,due_date,max_qty
pod_id,item,qty,due_date,max_qty
pod_id,item,qty,due_date,max_qty
pod_id,item,qty,due_date,max_qty
pod_id,item,qty,due_date,max_qty
pod_id,item,qty,due_date,max_qty
pod_id,item,qty,due_date,max_qty
pod_id,item,qty,due_date,max_qty
pod_id,item,qty,due_date,max_qty
pod_id,item,qty,due_date,max_qty
pod_id,item,qty,due_date,max_qty
pod_id,item,qty,due_date,max_qty
pod_id,item,qty,due_date,max_qty
pod_id,item,qty,due_date,max_qty
pod_id,item,qty,due_date,max_qty
pod_id,item,qty,due_date,max_qty
pod_id,item,qty,due_date,max_qty
pod_id,item,qty,due_date,max_qty
pod_id,item,qty,due_date,max_qty
pod_id,item,qty,due_date,max_qty
pod_id,item,qty,due_date,max_qty
pod_id,item,qty,due_date,max_qty
pod_id,item,qty,due_date,max_qty
pod_id,item,qty,due_date,max_qty
pod_id,item,qty,due_date,max_qty
pod_id,item,qty,due_date,max_qty
pod_id,item,qty,due_date,max_qty
pod_id,item,qty,due_date,max_qty
pod_id,item,qty,due_date,max_qty
pod_id,item,qty,due_date,max_qty
pod_id,item,qty,due_date,max_qty
pod_id,item,qty,due_date,max_qty
pod_id,item,qty,due_date,max_qty
pod_id,item,qty,due_date,max_qty
pod_id,item,qty,due_date,max_qty
pod_id,item,qty,due_date,max_qty
pod_id,item,qty,due_date,max_qty
pod_id,item,qty,due_date,max_qty
pod_id,item,qty,due_date,max_qty
pod_id,item,qty,due_date,max_qty
pod_id,item,qty,due_date,max_qty
pod_id,item,qty,due_date,max_qty
pod_id,item,qty,due_date,max_qty
pod_id,item,qty,due_date,max_qty
pod_id,item,qty,due_date,max_qty
pod_id,item,qty,due_date,max_qty
pod_id,item,qty,due_date,max_qty
pod_id,item,qty,due_date,max_qty
pod_id,item,qty,due_date,max_qty
pod_id,item,qty,due_date,max_qty
pod_id,item,qty,due_date,max_qty
pod_id,item,qty,due_date,max_qty
pod_id,item,qty,due_date,max_qty
pod_id,item,qty,due_date,max_qty
pod_id,item,qty,due_date,max_qty
pod_id,item,qty,due_date,max_qty
pod_id,item,qty,due_date,max_qty
pod_id,item,qty,due_date,max_qty
pod_id,item,qty,due_date,max_qty
pod_id,item,qty,due_date,max_qty
